[
  {
    "model": "accounts.user",
    "pk": 1,
    "fields": {
      "password": "pbkdf2_sha256$870000$KKiMwrRiMKYHJkP7LnVlSa$yFM53gHHxyH9P13JhYYW8ZEVf4e5c+ZQAOZ2WyiTtz8=",
      "last_login": "2025-04-25T01:57:05.794Z",
      "is_superuser": true,
      "username": "admin",
      "first_name": "Admin",
      "last_name": "Doe",
      "email": "admin@local.com",
      "is_staff": true,
      "is_active": true,
      "date_joined": "2025-04-06T02:22:21.558Z",
      "photo": "users/Screenshot_20250416-011202.jpg",
      "gender": "",
      "phone": 0,
      "age": 0,
      "groups": [],
      "user_permissions": []
    }
  },
  {
    "model": "accounts.user",
    "pk": 2,
    "fields": {
      "password": "pbkdf2_sha256$870000$cmuLrJwmA0dbhZtnGmAdEn$uALuOSyvUQOarItbAyb0XwibG6gfymKjRQfrRWxX8hw=",
      "last_login": "2025-04-24T01:13:40.514Z",
      "is_superuser": false,
      "username": "DenisL",
      "first_name": "Denis Jos",
      "last_name": "López",
      "email": "",
      "is_staff": false,
      "is_active": true,
      "date_joined": "2025-04-06T02:25:12.052Z",
      "photo": "users/9243bd92-78c0-459a-afc9-9f091a0020bdCover-hlg.png",
      "gender": "male",
      "phone": 87183193,
      "age": 30,
      "groups": [],
      "user_permissions": []
    }
  },
  {
    "model": "accounts.user",
    "pk": 3,
    "fields": {
      "password": "pbkdf2_sha256$870000$Vf0XpkOnfpGV1naEeMNLAW$3GHm3s/Cro9CzHrriKOYumIuEfKMM46XV977rLhwI8c=",
      "last_login": "2025-04-06T17:31:55.185Z",
      "is_superuser": false,
      "username": "Angelo7",
      "first_name": "Angelo",
      "last_name": "Delgado",
      "email": "",
      "is_staff": false,
      "is_active": true,
      "date_joined": "2025-04-06T02:46:30.420Z",
      "photo": "users/RETO_CHAMPIONS-Cover.jpg",
      "gender": "male",
      "phone": 81048636,
      "age": 20,
      "groups": [],
      "user_permissions": []
    }
  },
  {
    "model": "accounts.user",
    "pk": 4,
    "fields": {
      "password": "pbkdf2_sha256$870000$QIOfzWKk7P4CupBa6wRVEG$6kBOraPmpZ6KVXUtNPl7Tz1BQlpU58RjQUhb35UygLo=",
      "last_login": null,
      "is_superuser": false,
      "username": "demo",
      "first_name": "demo",
      "last_name": "martinez",
      "email": "",
      "is_staff": false,
      "is_active": true,
      "date_joined": "2025-04-09T04:15:47.368Z",
      "photo": "default.jpg",
      "gender": "male",
      "phone": 0,
      "age": 0,
      "groups": [],
      "user_permissions": []
    }
  },
  {
    "model": "accounts.user",
    "pk": 5,
    "fields": {
      "password": "pbkdf2_sha256$870000$TdDoEV2UC6b62p9tFtZBOd$zVHA37Jgst2QL9JB37rQtqDYZTcAGM5TtJ5FoSkGzaw=",
      "last_login": "2025-04-25T02:29:30.109Z",
      "is_superuser": false,
      "username": "StevenB",
      "first_name": "Steven",
      "last_name": "Bermudez",
      "email": "",
      "is_staff": false,
      "is_active": true,
      "date_joined": "2025-04-09T04:17:47.528Z",
      "photo": "users/Captura_de_pantalla_2025-04-08_a_las_22.07.32.png",
      "gender": "male",
      "phone": 82714401,
      "age": 22,
      "groups": [],
      "user_permissions": []
    }
  },
  {
    "model": "accounts.user",
    "pk": 6,
    "fields": {
      "password": "pbkdf2_sha256$870000$Nv9wuMMQccdzarRQCxXKLN$kgfq7/PvvYCdhAY/3dPyWW+Ud2lralqEsiZCYHLMITQ=",
      "last_login": null,
      "is_superuser": false,
      "username": "GabrielaC",
      "first_name": "Gabriela",
      "last_name": "Cortéz",
      "email": "",
      "is_staff": false,
      "is_active": true,
      "date_joined": "2025-04-23T22:50:44.172Z",
      "photo": "default.jpg",
      "gender": "female",
      "phone": 77230481,
      "age": 31,
      "groups": [],
      "user_permissions": []
    }
  },
  {
    "model": "accounts.fcmtoken",
    "pk": 5,
    "fields": {
      "user": 1,
      "token": "ebXgslRkIMiYVdSIazFKJE:APA91bHeBX30RBYDkr4hq33c5BAv0glAIEr56NSmbSy52z4BA4UIiwtMASoux0G82hcjuF2saOLSQLpax78xLRRAZTIcMSONsYk_CuN8913SrE3tnBb5h3k",
      "device": "Chrome",
      "is_active": true,
      "created": "2025-04-16T07:12:35.447Z",
      "modified": "2025-04-16T07:12:35.447Z"
    }
  },
  {
    "model": "catalogs.catalog",
    "pk": 1,
    "fields": {
      "name": "Banca Plana",
      "key": "equipment",
      "created": "2025-04-06T02:28:24.627Z",
      "modified": "2025-04-09T04:45:51.790Z"
    }
  },
  {
    "model": "catalogs.catalog",
    "pk": 2,
    "fields": {
      "name": "Banca Declinada",
      "key": "equipment",
      "created": "2025-04-06T02:28:35.798Z",
      "modified": "2025-04-24T18:29:11.043Z"
    }
  },
  {
    "model": "catalogs.catalog",
    "pk": 3,
    "fields": {
      "name": "Pecho",
      "key": "muscle",
      "created": "2025-04-06T02:28:54.824Z",
      "modified": "2025-04-09T04:25:17.992Z"
    }
  },
  {
    "model": "catalogs.catalog",
    "pk": 4,
    "fields": {
      "name": "Banca inclinada",
      "key": "equipment",
      "created": "2025-04-06T02:29:13.651Z",
      "modified": "2025-04-23T02:29:21.968Z"
    }
  },
  {
    "model": "catalogs.catalog",
    "pk": 5,
    "fields": {
      "name": "Press en Máquina Hammer",
      "key": "equipment",
      "created": "2025-04-09T04:29:43.810Z",
      "modified": "2025-04-09T05:05:08.432Z"
    }
  },
  {
    "model": "catalogs.catalog",
    "pk": 6,
    "fields": {
      "name": "Banco inclinado",
      "key": "equipment",
      "created": "2025-04-09T04:30:01.181Z",
      "modified": "2025-04-09T04:37:36.708Z"
    }
  },
  {
    "model": "catalogs.catalog",
    "pk": 7,
    "fields": {
      "name": "Paralelas o trono (con peso si puede)",
      "key": "equipment",
      "created": "2025-04-09T04:30:17.487Z",
      "modified": "2025-04-09T04:37:52.595Z"
    }
  },
  {
    "model": "catalogs.catalog",
    "pk": 8,
    "fields": {
      "name": "Extensión con cuerda",
      "key": "equipment",
      "created": "2025-04-09T04:30:49.570Z",
      "modified": "2025-04-09T04:38:12.044Z"
    }
  },
  {
    "model": "catalogs.catalog",
    "pk": 9,
    "fields": {
      "name": "Mancuerna o cuerda",
      "key": "equipment",
      "created": "2025-04-09T04:31:11.952Z",
      "modified": "2025-04-09T04:38:25.715Z"
    }
  },
  {
    "model": "catalogs.catalog",
    "pk": 10,
    "fields": {
      "name": "Banca declinada",
      "key": "equipment",
      "created": "2025-04-09T04:31:52.497Z",
      "modified": "2025-04-09T04:38:32.263Z"
    }
  },
  {
    "model": "catalogs.catalog",
    "pk": 11,
    "fields": {
      "name": "Triceps",
      "key": "muscle",
      "created": "2025-04-09T05:12:25.271Z",
      "modified": "2025-04-09T05:12:25.271Z"
    }
  },
  {
    "model": "catalogs.catalog",
    "pk": 12,
    "fields": {
      "name": "Abdomen",
      "key": "muscle",
      "created": "2025-04-09T05:18:32.418Z",
      "modified": "2025-04-09T05:18:32.418Z"
    }
  },
  {
    "model": "catalogs.catalog",
    "pk": 13,
    "fields": {
      "name": "Dominadas con Lastre",
      "key": "equipment",
      "created": "2025-04-11T01:30:11.927Z",
      "modified": "2025-04-11T01:30:11.927Z"
    }
  },
  {
    "model": "catalogs.catalog",
    "pk": 14,
    "fields": {
      "name": "Remo Barra T",
      "key": "equipment",
      "created": "2025-04-11T01:30:37.728Z",
      "modified": "2025-04-11T01:30:37.728Z"
    }
  },
  {
    "model": "catalogs.catalog",
    "pk": 15,
    "fields": {
      "name": "Mancuerna",
      "key": "equipment",
      "created": "2025-04-11T01:32:09.762Z",
      "modified": "2025-04-11T01:32:53.610Z"
    }
  },
  {
    "model": "catalogs.catalog",
    "pk": 16,
    "fields": {
      "name": "Espalda",
      "key": "muscle",
      "created": "2025-04-11T01:33:02.404Z",
      "modified": "2025-04-11T01:33:02.404Z"
    }
  },
  {
    "model": "catalogs.catalog",
    "pk": 17,
    "fields": {
      "name": "Bíceps",
      "key": "muscle",
      "created": "2025-04-11T01:33:15.650Z",
      "modified": "2025-04-11T01:33:15.650Z"
    }
  },
  {
    "model": "catalogs.catalog",
    "pk": 18,
    "fields": {
      "name": "Polea alta",
      "key": "equipment",
      "created": "2025-04-11T01:33:38.530Z",
      "modified": "2025-04-11T01:33:38.530Z"
    }
  },
  {
    "model": "catalogs.catalog",
    "pk": 19,
    "fields": {
      "name": "Cuerda",
      "key": "equipment",
      "created": "2025-04-11T01:34:05.775Z",
      "modified": "2025-04-23T02:29:25.070Z"
    }
  },
  {
    "model": "catalogs.catalog",
    "pk": 20,
    "fields": {
      "name": "Barra Z",
      "key": "equipment",
      "created": "2025-04-11T01:34:22.135Z",
      "modified": "2025-04-11T01:34:22.135Z"
    }
  },
  {
    "model": "catalogs.catalog",
    "pk": 21,
    "fields": {
      "name": "Cuerda",
      "key": "equipment",
      "created": "2025-04-11T01:54:55.878Z",
      "modified": "2025-04-11T01:54:55.878Z"
    }
  },
  {
    "model": "catalogs.catalog",
    "pk": 22,
    "fields": {
      "name": "Barra Libre",
      "key": "equipment",
      "created": "2025-04-22T01:07:45.896Z",
      "modified": "2025-04-22T01:07:45.896Z"
    }
  },
  {
    "model": "catalogs.catalog",
    "pk": 23,
    "fields": {
      "name": "Piernas",
      "key": "muscle",
      "created": "2025-04-22T01:07:58.982Z",
      "modified": "2025-04-22T01:07:58.982Z"
    }
  },
  {
    "model": "catalogs.catalog",
    "pk": 24,
    "fields": {
      "name": "Leg Press 45°",
      "key": "equipment",
      "created": "2025-04-22T01:09:24.411Z",
      "modified": "2025-04-22T01:09:24.411Z"
    }
  },
  {
    "model": "catalogs.catalog",
    "pk": 25,
    "fields": {
      "name": "Barra Olímpica",
      "key": "equipment",
      "created": "2025-04-22T01:12:48.668Z",
      "modified": "2025-04-22T01:12:48.668Z"
    }
  },
  {
    "model": "catalogs.catalog",
    "pk": 26,
    "fields": {
      "name": "Extensiones de Pierna",
      "key": "equipment",
      "created": "2025-04-22T01:14:38.980Z",
      "modified": "2025-04-22T01:51:48.460Z"
    }
  },
  {
    "model": "catalogs.catalog",
    "pk": 27,
    "fields": {
      "name": "Curl Femoral Tumbado",
      "key": "equipment",
      "created": "2025-04-22T01:15:03.478Z",
      "modified": "2025-04-22T01:15:03.478Z"
    }
  },
  {
    "model": "catalogs.catalog",
    "pk": 28,
    "fields": {
      "name": "Máquina Smith",
      "key": "equipment",
      "created": "2025-04-22T01:17:14.505Z",
      "modified": "2025-04-22T01:17:14.506Z"
    }
  },
  {
    "model": "catalogs.catalog",
    "pk": 29,
    "fields": {
      "name": "Crossover",
      "key": "equipment",
      "created": "2025-04-22T01:17:40.362Z",
      "modified": "2025-04-22T01:17:40.362Z"
    }
  },
  {
    "model": "catalogs.catalog",
    "pk": 30,
    "fields": {
      "name": "Pantorrillas",
      "key": "muscle",
      "created": "2025-04-22T01:18:19.155Z",
      "modified": "2025-04-22T01:18:19.155Z"
    }
  },
  {
    "model": "catalogs.catalog",
    "pk": 31,
    "fields": {
      "name": "Femoral",
      "key": "muscle",
      "created": "2025-04-22T01:29:22.718Z",
      "modified": "2025-04-22T01:29:22.718Z"
    }
  },
  {
    "model": "catalogs.catalog",
    "pk": 32,
    "fields": {
      "name": "Extensión de piernas",
      "key": "equipment",
      "created": "2025-04-22T01:53:07.410Z",
      "modified": "2025-04-23T02:29:32.137Z"
    }
  },
  {
    "model": "catalogs.catalog",
    "pk": 33,
    "fields": {
      "name": "Hombro",
      "key": "muscle",
      "created": "2025-04-24T16:56:52.356Z",
      "modified": "2025-04-24T16:57:00.317Z"
    }
  },
  {
    "model": "catalogs.catalog",
    "pk": 34,
    "fields": {
      "name": "Trapecio",
      "key": "muscle",
      "created": "2025-04-24T16:57:15.213Z",
      "modified": "2025-04-24T16:58:04.179Z"
    }
  },
  {
    "model": "catalogs.catalog",
    "pk": 35,
    "fields": {
      "name": "Maquina de hombro",
      "key": "equipment",
      "created": "2025-04-24T17:38:52.421Z",
      "modified": "2025-04-24T17:38:52.421Z"
    }
  },
  {
    "model": "catalogs.catalog",
    "pk": 36,
    "fields": {
      "name": "Tapete de Yoga",
      "key": "equipment",
      "created": "2025-04-24T18:01:39.571Z",
      "modified": "2025-04-24T18:01:42.371Z"
    }
  },
  {
    "model": "catalogs.catalog",
    "pk": 37,
    "fields": {
      "name": "Disco",
      "key": "equipment",
      "created": "2025-04-24T18:01:49.536Z",
      "modified": "2025-04-24T18:01:51.922Z"
    }
  },
  {
    "model": "exercises.exercise",
    "pk": 1,
    "fields": {
      "name": "Press en Banca con Barra",
      "description": "<p>Calentar&nbsp;antes&nbsp;haciendo&nbsp;algunas&nbsp;pechada&nbsp;y&nbsp;estiramiento</p>",
      "image": "exercises/5d52bcd60a280ee85725fcfa2924b803.gif",
      "equipment": 1,
      "muscle": 3,
      "secondary_muscle": [],
      "user": 1,
      "created": "2025-04-06T02:31:07.505Z",
      "modified": "2025-04-09T04:46:04.765Z"
    }
  },
  {
    "model": "exercises.exercise",
    "pk": 2,
    "fields": {
      "name": "Press inclinado con mancuerna",
      "description": "",
      "image": "exercises/5e53d49daddb624dbded8f7e2c210b99.gif",
      "equipment": 6,
      "muscle": 3,
      "secondary_muscle": [],
      "user": 1,
      "created": "2025-04-09T04:45:26.309Z",
      "modified": "2025-04-09T04:45:26.309Z"
    }
  },
  {
    "model": "exercises.exercise",
    "pk": 3,
    "fields": {
      "name": "Press en Máquina Hammer",
      "description": "",
      "image": "exercises/411-272-plate-loaded-isolateral-inclincepressvertical-0059.png",
      "equipment": 5,
      "muscle": 3,
      "secondary_muscle": [],
      "user": 1,
      "created": "2025-04-09T04:51:17.876Z",
      "modified": "2025-04-09T05:05:21.970Z"
    }
  },
  {
    "model": "exercises.exercise",
    "pk": 4,
    "fields": {
      "name": "Aperturas en banco inclinado",
      "description": "",
      "image": "exercises/.gif",
      "equipment": 6,
      "muscle": 3,
      "secondary_muscle": [],
      "user": 1,
      "created": "2025-04-09T05:07:49.467Z",
      "modified": "2025-04-09T05:07:49.467Z"
    }
  },
  {
    "model": "exercises.exercise",
    "pk": 5,
    "fields": {
      "name": "Fondos en paralelas",
      "description": "<p>Hacerlo&nbsp;con&nbsp;peso&nbsp;es&nbsp;mejor</p>",
      "image": "exercises/.jpg",
      "equipment": 7,
      "muscle": 3,
      "secondary_muscle": [],
      "user": 1,
      "created": "2025-04-09T05:10:04.144Z",
      "modified": "2025-04-09T05:10:04.144Z"
    }
  },
  {
    "model": "exercises.exercise",
    "pk": 6,
    "fields": {
      "name": "Extensión de tríceps en polea alta",
      "description": "",
      "image": "exercises/-2.jpg",
      "equipment": 8,
      "muscle": 11,
      "secondary_muscle": [],
      "user": 1,
      "created": "2025-04-09T05:12:11.336Z",
      "modified": "2025-04-09T05:12:50.123Z"
    }
  },
  {
    "model": "exercises.exercise",
    "pk": 7,
    "fields": {
      "name": "Copa con mancuerna",
      "description": "",
      "image": "exercises/Les_4_Meilleurs_Exercices_Triceps_aux_Haltères_-_Boxlife.gif",
      "equipment": 9,
      "muscle": 11,
      "secondary_muscle": [],
      "user": 1,
      "created": "2025-04-09T05:13:53.262Z",
      "modified": "2025-04-09T05:15:41.287Z"
    }
  },
  {
    "model": "exercises.exercise",
    "pk": 8,
    "fields": {
      "name": "Abdominales en banca declinada",
      "description": "",
      "image": "exercises/Twisting_Bench_Sit-Up.jpg",
      "equipment": 10,
      "muscle": 12,
      "secondary_muscle": [],
      "user": 1,
      "created": "2025-04-09T05:18:14.342Z",
      "modified": "2025-04-09T05:19:48.287Z"
    }
  },
  {
    "model": "exercises.exercise",
    "pk": 9,
    "fields": {
      "name": "Dominadas",
      "description": "<p>Usar&nbsp;Cinturon&nbsp;con&nbsp;peso.&nbsp;Inicialmente&nbsp;puede&nbsp;ser&nbsp;5&nbsp;libras&nbsp;y&nbsp;luego&nbsp;cada&nbsp;semana&nbsp;vas&nbsp;subiendo.</p>",
      "image": "exercises/Pull_-_Up.jpg",
      "equipment": 13,
      "muscle": 16,
      "secondary_muscle": [],
      "user": 1,
      "created": "2025-04-11T01:38:43.792Z",
      "modified": "2025-04-11T01:38:43.792Z"
    }
  },
  {
    "model": "exercises.exercise",
    "pk": 10,
    "fields": {
      "name": "Remo con barra T",
      "description": "<p>Usemos&nbsp;el&nbsp;Remo&nbsp;T&nbsp;con&nbsp;apoyo</p>",
      "image": "exercises/Latissimus_trainieren__Top_9_Übungen_inkl__Bilder__Videos-2.gif",
      "equipment": 14,
      "muscle": 16,
      "secondary_muscle": [],
      "user": 1,
      "created": "2025-04-11T01:41:50.469Z",
      "modified": "2025-04-11T01:41:50.470Z"
    }
  },
  {
    "model": "exercises.exercise",
    "pk": 11,
    "fields": {
      "name": "Remo con mancuerna",
      "description": "<p>Usar&nbsp;peso&nbsp;pesado&nbsp;sin&nbsp;perder&nbsp;la&nbsp;técnica</p>",
      "image": "exercises/-3.gif",
      "equipment": 15,
      "muscle": 16,
      "secondary_muscle": [],
      "user": 1,
      "created": "2025-04-11T01:43:40.813Z",
      "modified": "2025-04-11T01:43:40.813Z"
    }
  },
  {
    "model": "exercises.exercise",
    "pk": 12,
    "fields": {
      "name": "Remo con mancuerna",
      "description": "<p>Usar&nbsp;peso&nbsp;pesado&nbsp;sin&nbsp;perder&nbsp;la&nbsp;técnica</p>",
      "image": "exercises/-3_k59KYj8.gif",
      "equipment": 15,
      "muscle": 16,
      "secondary_muscle": [],
      "user": 1,
      "created": "2025-04-11T01:43:42.567Z",
      "modified": "2025-04-11T01:43:42.567Z"
    }
  },
  {
    "model": "exercises.exercise",
    "pk": 13,
    "fields": {
      "name": "Jalón al pecho en polea",
      "description": "<p>Agarre&nbsp;ancho</p>",
      "image": "exercises/-3.jpg",
      "equipment": 18,
      "muscle": 16,
      "secondary_muscle": [],
      "user": 1,
      "created": "2025-04-11T01:54:12.697Z",
      "modified": "2025-04-11T01:54:12.697Z"
    }
  },
  {
    "model": "exercises.exercise",
    "pk": 14,
    "fields": {
      "name": "Face pulls",
      "description": "<p></p>",
      "image": "exercises/How_To_Do_Cross_Cable_Face_Pull__Muscles_Worked_And_Benefits.gif",
      "equipment": 21,
      "muscle": 16,
      "secondary_muscle": [],
      "user": 1,
      "created": "2025-04-11T01:55:47.726Z",
      "modified": "2025-04-11T01:55:47.726Z"
    }
  },
  {
    "model": "exercises.exercise",
    "pk": 15,
    "fields": {
      "name": "Curl barra Z",
      "description": "<p>Usar&nbsp;Barra&nbsp;Z&nbsp;y&nbsp;hacerlo&nbsp;de&nbsp;pies</p>",
      "image": "exercises/-4.gif",
      "equipment": 20,
      "muscle": 17,
      "secondary_muscle": [],
      "user": 1,
      "created": "2025-04-11T01:57:32.857Z",
      "modified": "2025-04-11T01:57:32.857Z"
    }
  },
  {
    "model": "exercises.exercise",
    "pk": 16,
    "fields": {
      "name": "Curl barra Z",
      "description": "<p>Usar&nbsp;Barra&nbsp;Z&nbsp;y&nbsp;hacerlo&nbsp;de&nbsp;pies</p>",
      "image": "exercises/-4_CVYhIYe.gif",
      "equipment": 20,
      "muscle": 17,
      "secondary_muscle": [],
      "user": 1,
      "created": "2025-04-11T01:57:34.726Z",
      "modified": "2025-04-11T01:57:34.726Z"
    }
  },
  {
    "model": "exercises.exercise",
    "pk": 17,
    "fields": {
      "name": "Curl martillo con mancuerna",
      "description": "<p>Alternado</p>",
      "image": "exercises/Hammercurls__Ausführung_Fehler__Tipps_zur_Bizepsübung.gif",
      "equipment": 15,
      "muscle": 17,
      "secondary_muscle": [],
      "user": 1,
      "created": "2025-04-11T01:58:08.956Z",
      "modified": "2025-04-11T01:58:08.956Z"
    }
  },
  {
    "model": "exercises.exercise",
    "pk": 18,
    "fields": {
      "name": "Curl concentrado",
      "description": "",
      "image": "exercises/Ganzkörpertraining_mit_Kurzhanteln__die_7_besten_Übungen.gif",
      "equipment": 15,
      "muscle": 17,
      "secondary_muscle": [],
      "user": 1,
      "created": "2025-04-11T01:58:46.545Z",
      "modified": "2025-04-11T01:58:46.545Z"
    }
  },
  {
    "model": "exercises.exercise",
    "pk": 19,
    "fields": {
      "name": "Sentadilla en barra libre",
      "description": "<p>Pesado&nbsp;y&nbsp;al&nbsp;fallo&nbsp;😎</p>",
      "image": "exercises/Los_9_Mejores_Ejercicios_para_Glúteos.gif",
      "equipment": 22,
      "muscle": 23,
      "secondary_muscle": [],
      "user": 1,
      "created": "2025-04-22T01:24:04.974Z",
      "modified": "2025-04-22T01:47:55.318Z"
    }
  },
  {
    "model": "exercises.exercise",
    "pk": 20,
    "fields": {
      "name": "Prensa de 45°",
      "description": "<p>Siempre&nbsp;es&nbsp;bueno&nbsp;hacer&nbsp;la&nbsp;primer&nbsp;serie&nbsp;para&nbsp;calentar&nbsp;y&nbsp;probar&nbsp;el&nbsp;peso&nbsp;que&nbsp;usaras.</p>",
      "image": "exercises/Unknown.gif",
      "equipment": 24,
      "muscle": 23,
      "secondary_muscle": [],
      "user": 1,
      "created": "2025-04-22T01:28:10.930Z",
      "modified": "2025-04-22T01:28:10.930Z"
    }
  },
  {
    "model": "exercises.exercise",
    "pk": 21,
    "fields": {
      "name": "Peso Muerto Rumano",
      "description": "<p><span style=\"color: rgb(0, 0, 0);\">Cudiar&nbsp;la&nbsp;técnica&nbsp;para&nbsp;evitar&nbsp;curvar&nbsp;la&nbsp;espalda.</span></p><p></p><p><strong style=\"color: var(--m3c11);\">Pasos:</strong></p><p><strong style=\"color: var(--m3c11);\">1.&nbsp;Posición&nbsp;inicial:</strong></p><p><span style=\"color: var(--m3c10);\">Coloca&nbsp;los&nbsp;pies&nbsp;a&nbsp;la&nbsp;anchura&nbsp;de&nbsp;las&nbsp;caderas,&nbsp;con&nbsp;la&nbsp;barra&nbsp;sujetas&nbsp;con&nbsp;las&nbsp;manos&nbsp;un&nbsp;poco&nbsp;más&nbsp;anchas&nbsp;que&nbsp;los&nbsp;hombros.&nbsp;</span></p><p></p><p><strong style=\"color: var(--m3c11);\">2.&nbsp;Ligera&nbsp;flexión&nbsp;de&nbsp;rodillas:</strong></p><p><span style=\"color: var(--m3c10);\">Mantén&nbsp;una&nbsp;ligera&nbsp;flexión&nbsp;de&nbsp;las&nbsp;rodillas&nbsp;(15-20&nbsp;grados)&nbsp;para&nbsp;proteger&nbsp;la&nbsp;columna.&nbsp;</span></p><p></p><p><strong style=\"color: var(--m3c11);\">3.&nbsp;Empuje&nbsp;de&nbsp;cadera&nbsp;hacia&nbsp;atrás:</strong></p><p><span style=\"color: var(--m3c10);\">Empuja&nbsp;las&nbsp;caderas&nbsp;hacia&nbsp;atrás,&nbsp;como&nbsp;si&nbsp;quisieras&nbsp;sentarte,&nbsp;manteniendo&nbsp;la&nbsp;espalda&nbsp;recta&nbsp;y&nbsp;el&nbsp;abdomen&nbsp;contraído.&nbsp;</span></p><p></p><p><strong style=\"color: var(--m3c11);\">4.&nbsp;Bajada&nbsp;de&nbsp;la&nbsp;barra:</strong></p><p><span style=\"color: var(--m3c10);\">La&nbsp;barra&nbsp;descienden&nbsp;a&nbsp;lo&nbsp;largo&nbsp;de&nbsp;las&nbsp;piernas,&nbsp;sin&nbsp;flexionar&nbsp;excesivamente&nbsp;las&nbsp;rodillas.&nbsp;</span></p><p></p><p><strong style=\"color: var(--m3c11);\">5.&nbsp;Apertura&nbsp;de&nbsp;cadera:</strong></p><p><span style=\"color: var(--m3c10);\">Una&nbsp;vez&nbsp;que&nbsp;la&nbsp;barra&nbsp;estén&nbsp;a&nbsp;la&nbsp;altura&nbsp;de&nbsp;las&nbsp;rodillas&nbsp;o&nbsp;un&nbsp;poco&nbsp;por&nbsp;debajo,&nbsp;abre&nbsp;la&nbsp;cadera,&nbsp;llevando&nbsp;las&nbsp;caderas&nbsp;hacia&nbsp;delante&nbsp;y&nbsp;volviendo&nbsp;a&nbsp;la&nbsp;posición&nbsp;inicial.&nbsp;</span></p><p></p><p></p><p></p><p></p>",
      "image": "exercises/.gif_oibmfng",
      "equipment": 25,
      "muscle": 31,
      "secondary_muscle": [],
      "user": 1,
      "created": "2025-04-22T01:28:36.151Z",
      "modified": "2025-04-22T01:35:31.527Z"
    }
  },
  {
    "model": "exercises.exercise",
    "pk": 22,
    "fields": {
      "name": "Curl de Femoral",
      "description": "",
      "image": "exercises/-2.gif",
      "equipment": 27,
      "muscle": 31,
      "secondary_muscle": [],
      "user": 1,
      "created": "2025-04-22T01:37:15.675Z",
      "modified": "2025-04-22T01:37:15.675Z"
    }
  },
  {
    "model": "exercises.exercise",
    "pk": 23,
    "fields": {
      "name": "Elevación de talones",
      "description": "<p>Hacer&nbsp;el&nbsp;ejercició&nbsp;despacio&nbsp;y&nbsp;con&nbsp;pausa&nbsp;de&nbsp;2&nbsp;segundos&nbsp;al&nbsp;final&nbsp;del&nbsp;recorrido.</p>",
      "image": "exercises/Wadenheben_stehend__die_beste_Übung_für_massive_Waden.gif",
      "equipment": 28,
      "muscle": 30,
      "secondary_muscle": [],
      "user": 1,
      "created": "2025-04-22T01:38:43.403Z",
      "modified": "2025-04-22T01:38:43.403Z"
    }
  },
  {
    "model": "exercises.exercise",
    "pk": 24,
    "fields": {
      "name": "Crunch en Polea",
      "description": "<p>Sacar&nbsp;el&nbsp;aire&nbsp;al&nbsp;final&nbsp;del&nbsp;recorrido&nbsp;y&nbsp;mantener&nbsp;la&nbsp;técnica.</p>",
      "image": "exercises/How_To_Do_Cable_Crunch.gif",
      "equipment": 29,
      "muscle": 12,
      "secondary_muscle": [],
      "user": 1,
      "created": "2025-04-22T01:41:55.976Z",
      "modified": "2025-04-22T01:41:55.977Z"
    }
  },
  {
    "model": "exercises.exercise",
    "pk": 25,
    "fields": {
      "name": "Extensión de Piernas",
      "description": "<p><strong>Recomendación:</strong></p><p><strong>La&nbsp;técnica&nbsp;a&nbsp;utilizar&nbsp;es&nbsp;Dropset:&nbsp;</strong></p><p>0&nbsp;descanso&nbsp;entre&nbsp;cada&nbsp;cambio&nbsp;de&nbsp;peso.&nbsp;Peso&nbsp;inicial&nbsp;justo&nbsp;para&nbsp;que&nbsp;saques&nbsp;15,&nbsp;luego&nbsp;le&nbsp;bajas&nbsp;el&nbsp;peso&nbsp;un&nbsp;poco&nbsp;(20%)&nbsp;y&nbsp;haces&nbsp;otras&nbsp;15,&nbsp;luego&nbsp;le&nbsp;bajas&nbsp;el&nbsp;peso&nbsp;nuevamente&nbsp;(30%)&nbsp;y&nbsp;haces&nbsp;15.&nbsp;Descansas&nbsp;2&nbsp;minutos&nbsp;y&nbsp;luego&nbsp;lo&nbsp;vollves&nbsp;a&nbsp;repetir.</p><p>Bajá&nbsp;lentamente&nbsp;manteniendo&nbsp;tensión&nbsp;(no&nbsp;dejes&nbsp;que&nbsp;el&nbsp;peso&nbsp;caiga&nbsp;tan&nbsp;rápido).</p><p>Cuando&nbsp;este&nbsp;arriba&nbsp;sostenelo&nbsp;1&nbsp;segundo.</p>",
      "image": "exercises/.jpg_Y0SY12Z",
      "equipment": 26,
      "muscle": 23,
      "secondary_muscle": [],
      "user": 1,
      "created": "2025-04-22T02:07:01.909Z",
      "modified": "2025-04-22T02:07:01.909Z"
    }
  },
  {
    "model": "exercises.exercise",
    "pk": 26,
    "fields": {
      "name": "Press Militar con Barra",
      "description": "<h3><span style=\"color: rgb(0, 0, 0);\">⚠️&nbsp;Técnica&nbsp;clave&nbsp;de&nbsp;pies:</span></h3><ul><li><span style=\"color: rgb(0, 0, 0);\">Sin&nbsp;arquear&nbsp;exageradamente&nbsp;la&nbsp;espalda.</span></li><li><span style=\"color: rgb(0, 0, 0);\">Pies&nbsp;al&nbsp;ancho&nbsp;de&nbsp;los&nbsp;hombros.</span></li><li><span style=\"color: rgb(0, 0, 0);\">La&nbsp;barra&nbsp;debe&nbsp;subir&nbsp;</span><strong style=\"color: rgb(0, 0, 0);\">por&nbsp;delante&nbsp;de&nbsp;la&nbsp;cara</strong><span style=\"color: rgb(0, 0, 0);\">,&nbsp;no&nbsp;detrás&nbsp;de&nbsp;la&nbsp;cabeza.</span></li></ul><p></p>",
      "image": "exercises/00c8c91fb98526bc4c47fafdfdc9be2f.gif",
      "equipment": 25,
      "muscle": 33,
      "secondary_muscle": [],
      "user": 1,
      "created": "2025-04-24T17:15:38.022Z",
      "modified": "2025-04-24T17:15:38.022Z"
    }
  },
  {
    "model": "exercises.exercise",
    "pk": 27,
    "fields": {
      "name": "Elevaciones Laterales con Mancuernas",
      "description": "<h3><span style=\"color: rgb(0, 0, 0);\">🔧&nbsp;Tips&nbsp;técnicos:</span></h3><ul><li><span style=\"color: rgb(0, 0, 0);\">Brazos&nbsp;ligeramente&nbsp;flexionados</span></li><li><span style=\"color: rgb(0, 0, 0);\">No&nbsp;levantar&nbsp;más&nbsp;allá&nbsp;del&nbsp;nivel&nbsp;de&nbsp;los&nbsp;hombros.</span></li><li><span style=\"color: rgb(0, 0, 0);\">Mantener&nbsp;tensión&nbsp;constante,&nbsp;evitar&nbsp;el&nbsp;&quot;balanceo&quot;&nbsp;excesivo.</span></li><li><span style=\"color: rgb(0, 0, 0);\">Si&nbsp;ves&nbsp;que&nbsp;al&nbsp;final&nbsp;de&nbsp;la&nbsp;serie&nbsp;perdes&nbsp;control,&nbsp;se&nbsp;puede&nbsp;usar&nbsp;el&nbsp;impulso&nbsp;moderado&nbsp;en&nbsp;las&nbsp;2&nbsp;últimas&nbsp;repeticiones&nbsp;para&nbsp;aumentar&nbsp;intensidad.</span></li></ul><p></p>",
      "image": "exercises/7fbfa707a27d67141dba4c94e47bb2ec.gif",
      "equipment": 15,
      "muscle": 33,
      "secondary_muscle": [],
      "user": 1,
      "created": "2025-04-24T17:28:09.720Z",
      "modified": "2025-04-24T17:28:09.720Z"
    }
  },
  {
    "model": "exercises.exercise",
    "pk": 28,
    "fields": {
      "name": "Elevaciones Frontales con Barra",
      "description": "<h3><span style=\"color: rgb(0, 0, 0);\">⚠️&nbsp;Errores&nbsp;a&nbsp;evitar:</span></h3><ul><li><span style=\"color: rgb(0, 0, 0);\">Usar&nbsp;demasiado&nbsp;peso&nbsp;y&nbsp;terminar&nbsp;&quot;tirando&quot;&nbsp;la&nbsp;barra&nbsp;con&nbsp;la&nbsp;espalda&nbsp;baja.</span></li><li><span style=\"color: rgb(0, 0, 0);\">Elevar&nbsp;por&nbsp;encima&nbsp;de&nbsp;los&nbsp;ojos.</span></li><li><span style=\"color: rgb(0, 0, 0);\">Apoyarse&nbsp;en&nbsp;el&nbsp;rebote&nbsp;en&nbsp;lugar&nbsp;de&nbsp;controlar.</span></li></ul><p></p>",
      "image": "exercises/bdb3e21ac00ad922aae483cab0c0c2dc.gif",
      "equipment": 25,
      "muscle": 33,
      "secondary_muscle": [],
      "user": 1,
      "created": "2025-04-24T17:35:18.766Z",
      "modified": "2025-04-24T17:35:18.766Z"
    }
  },
  {
    "model": "exercises.exercise",
    "pk": 29,
    "fields": {
      "name": "Elevacion Posterior con Maquina",
      "description": "<h3><span style=\"color: rgb(0, 0, 0);\">🏋️&nbsp;Sugerencias:</span></h3><ul><li><span style=\"color: rgb(0, 0, 0);\">Usar&nbsp;la&nbsp;maquina&nbsp;que&nbsp;esta&nbsp;en&nbsp;la&nbsp;planta&nbsp;baja,&nbsp;se&nbsp;parece&nbsp;a&nbsp;la&nbsp;de&nbsp;la&nbsp;imágen.</span></li><li>Usar&nbsp;el&nbsp;agarre&nbsp;prono&nbsp;(palmas&nbsp;hacia&nbsp;abajo).</li><li>Poner&nbsp;el&nbsp;eje&nbsp;de&nbsp;la&nbsp;máquina&nbsp;a&nbsp;la&nbsp;altura&nbsp;de&nbsp;tu&nbsp;cintura</li><li>No&nbsp;hacer&nbsp;trampa&nbsp;ni&nbsp;balanceo</li></ul><p></p>",
      "image": "exercises/Station-elevation-laterale-murale-Lateral-Shoulder-Raise-Machine-76404098_J1b2Bqu.jpg.webp",
      "equipment": 35,
      "muscle": 33,
      "secondary_muscle": [],
      "user": 1,
      "created": "2025-04-24T17:43:42.766Z",
      "modified": "2025-04-24T17:50:38.678Z"
    }
  },
  {
    "model": "exercises.exercise",
    "pk": 30,
    "fields": {
      "name": "Encogimientos de hombro",
      "description": "<h3><span style=\"color: rgb(0, 0, 0);\">🔧&nbsp;</span><strong style=\"color: rgb(0, 0, 0);\">Tips&nbsp;técnicos&nbsp;clave:</strong></h3><h3><span style=\"color: rgb(0, 0, 0);\">🔹&nbsp;Posición&nbsp;inicial:</span></h3><ul><li><strong style=\"color: rgb(0, 0, 0);\">De&nbsp;pie</strong><span style=\"color: rgb(0, 0, 0);\">,&nbsp;espalda&nbsp;recta,&nbsp;mirada&nbsp;al&nbsp;frente.</span></li><li><span style=\"color: rgb(0, 0, 0);\">Pies&nbsp;al&nbsp;ancho&nbsp;de&nbsp;los&nbsp;hombros.</span></li><li><span style=\"color: rgb(0, 0, 0);\">Agarre&nbsp;neutro&nbsp;(con&nbsp;mancuernas&nbsp;a&nbsp;los&nbsp;lados&nbsp;del&nbsp;cuerpo)</span></li><li><span style=\"color: rgb(0, 0, 0);\">Brazos&nbsp;completamente&nbsp;extendidos,&nbsp;</span><strong style=\"color: rgb(0, 0, 0);\">sin&nbsp;flexionar&nbsp;los&nbsp;codos</strong><span style=\"color: rgb(0, 0, 0);\">.</span></li><li>Detenerse&nbsp;1&nbsp;segundo&nbsp;al&nbsp;estar&nbsp;arriba&nbsp;y&nbsp;contrae&nbsp;los&nbsp;trapecio&nbsp;fuerte.</li></ul><p></p>",
      "image": "exercises/3375a97d4df29cf74794b71e3439a1fc.gif",
      "equipment": 15,
      "muscle": 34,
      "secondary_muscle": [],
      "user": 1,
      "created": "2025-04-24T17:54:40.459Z",
      "modified": "2025-04-24T17:54:40.459Z"
    }
  },
  {
    "model": "exercises.exercise",
    "pk": 31,
    "fields": {
      "name": "Plancha Abdominal",
      "description": "<h3><span style=\"color: rgb(0, 0, 0);\">🔧&nbsp;</span><strong style=\"color: rgb(0, 0, 0);\">Técnica&nbsp;correcta&nbsp;paso&nbsp;a&nbsp;paso:</strong></h3><ol><li><strong style=\"color: rgb(0, 0, 0);\">Posición&nbsp;inicial:</strong><ul><li><span style=\"color: rgb(0, 0, 0);\">Antebrazos&nbsp;apoyados&nbsp;en&nbsp;el&nbsp;suelo,&nbsp;</span><strong style=\"color: rgb(0, 0, 0);\">codos&nbsp;justo&nbsp;debajo&nbsp;de&nbsp;los&nbsp;hombros</strong><span style=\"color: rgb(0, 0, 0);\">.</span></li><li><span style=\"color: rgb(0, 0, 0);\">Piernas&nbsp;extendidas,&nbsp;puntas&nbsp;de&nbsp;los&nbsp;pies&nbsp;apoyadas.</span></li><li><span style=\"color: rgb(0, 0, 0);\">Cuerpo&nbsp;formando&nbsp;una&nbsp;</span><strong style=\"color: rgb(0, 0, 0);\">línea&nbsp;recta&nbsp;desde&nbsp;la&nbsp;cabeza&nbsp;hasta&nbsp;los&nbsp;talones</strong></li><li>No&nbsp;contengas&nbsp;la&nbsp;respiración</li></ul></li></ol><p></p>",
      "image": "exercises/65bad0c0b29846b7ff4d82c312dd4471.gif",
      "equipment": 36,
      "muscle": 12,
      "secondary_muscle": [],
      "user": 1,
      "created": "2025-04-24T18:06:01.075Z",
      "modified": "2025-04-24T18:06:01.075Z"
    }
  },
  {
    "model": "exercises.exercise",
    "pk": 32,
    "fields": {
      "name": "Crunch en Banco Declinado",
      "description": "<h3><span style=\"color: rgb(0, 0, 0);\">🧠&nbsp;Tips&nbsp;adicionales:</span></h3><ul><li>Podes&nbsp;utilizar&nbsp;la&nbsp;banca&nbsp;negra&nbsp;o&nbsp;la&nbsp;banca&nbsp;azul</li><li>Podes&nbsp;utilizar&nbsp;un&nbsp;disco&nbsp;con&nbsp;un&nbsp;peso&nbsp;que&nbsp;no&nbsp;se&nbsp;te&nbsp;dificulte&nbsp;levantarlo&nbsp;ni&nbsp;poner&nbsp;en&nbsp;riesgo&nbsp;la&nbsp;espalda&nbsp;baja.</li></ul><p></p>",
      "image": "exercises/2840156e1d2e1745bce5e784be7b7607.jpg",
      "equipment": 2,
      "muscle": 12,
      "secondary_muscle": [],
      "user": 1,
      "created": "2025-04-24T18:28:16.354Z",
      "modified": "2025-04-24T18:29:32.651Z"
    }
  },
  {
    "model": "comments.comment",
    "pk": 19,
    "fields": {
      "user": 5,
      "photo": "default.jpg",
      "content": "probando notificaciones",
      "content_type": 11,
      "object_id": 1,
      "parent": null,
      "created": "2025-04-16T07:13:30.699Z",
      "deleted": null
    }
  },
  {
    "model": "comments.comment",
    "pk": 20,
    "fields": {
      "user": 5,
      "photo": "default.jpg",
      "content": "pls especificar con cuanto peso por serie",
      "content_type": 11,
      "object_id": 2,
      "parent": null,
      "created": "2025-04-16T07:17:07.591Z",
      "deleted": null
    }
  },
  {
    "model": "workouts.workout",
    "pk": 1,
    "fields": {
      "name": "Volumen",
      "description": "<p>Aquí&nbsp;vamos&nbsp;a&nbsp;ir&nbsp;incrementando&nbsp;el&nbsp;peso&nbsp;en&nbsp;cada&nbsp;serie</p>",
      "day": 1,
      "photo": "default.jpg",
      "user": 2,
      "created": "2025-04-06T02:26:26.172Z",
      "modified": "2025-04-22T02:35:26.458Z",
      "is_active": true,
      "deleted": null
    }
  },
  {
    "model": "workouts.workout",
    "pk": 2,
    "fields": {
      "name": "Pecho + Tríceps (Push)",
      "description": "<p><span style=\"color: rgb(0, 0, 0);\">90&nbsp;a&nbsp;120&nbsp;min</span></p><p>Rutina:&nbsp;Hipertrofia&nbsp;con&nbsp;técnica&nbsp;avanzada&nbsp;(dropsets,&nbsp;rest-pause,&nbsp;superseries)</p><p><span style=\"color: rgb(0, 0, 0);\">Esta&nbsp;rutina&nbsp;busca&nbsp;desarrollo&nbsp;muscular&nbsp;simétrico,&nbsp;denso&nbsp;y&nbsp;estético.</span></p>",
      "day": 1,
      "photo": "default.jpg",
      "user": 5,
      "created": "2025-04-09T04:41:10.033Z",
      "modified": "2025-04-23T02:19:36.483Z",
      "is_active": true,
      "deleted": null
    }
  },
  {
    "model": "workouts.workout",
    "pk": 3,
    "fields": {
      "name": "Espalda + Bíceps (Pull)",
      "description": "<p>En&nbsp;toda&nbsp;la&nbsp;rutina&nbsp;tenes&nbsp;que&nbsp;darle&nbsp;un&nbsp;descanso&nbsp;calculado&nbsp;(2min)&nbsp;para&nbsp;que&nbsp;en&nbsp;la&nbsp;siguiente&nbsp;serie&nbsp;tengas&nbsp;energia&nbsp;y&nbsp;a&nbsp;su&nbsp;vez&nbsp;llegues&nbsp;al&nbsp;fallo&nbsp;muscular.</p>",
      "day": 2,
      "photo": "default.jpg",
      "user": 5,
      "created": "2025-04-11T01:29:50.299Z",
      "modified": "2025-04-23T02:22:00.966Z",
      "is_active": true,
      "deleted": null
    }
  },
  {
    "model": "workouts.workout",
    "pk": 4,
    "fields": {
      "name": "Piernas (Cuádriceps y Femoral)",
      "description": "<p>Realizar&nbsp;adecuadamente&nbsp;un&nbsp;estiramiento&nbsp;de&nbsp;los&nbsp;músculos&nbsp;y&nbsp;calentar&nbsp;antes&nbsp;de&nbsp;iniciar.</p>",
      "day": 3,
      "photo": "default.jpg",
      "user": 5,
      "created": "2025-04-22T01:44:04.561Z",
      "modified": "2025-04-23T02:25:13.298Z",
      "is_active": true,
      "deleted": null
    }
  },
  {
    "model": "workouts.workout",
    "pk": 5,
    "fields": {
      "name": "Hombros + Trapecio + Abs",
      "description": "<h3><span style=\"color: rgb(0, 0, 0);\">🧠&nbsp;En&nbsp;General:</span></h3><ul><li><span style=\"color: rgb(0, 0, 0);\">Hacé&nbsp;un&nbsp;</span><strong style=\"color: rgb(0, 0, 0);\">calentamiento&nbsp;</strong><span style=\"color: rgb(0, 0, 0);\">con&nbsp;mancuernas&nbsp;livianas&nbsp;o&nbsp;movimientos&nbsp;de&nbsp;movilidad&nbsp;articular&nbsp;(círculos&nbsp;de&nbsp;hombros,&nbsp;etc).</span></li><li>Respetar&nbsp;el&nbsp;orden&nbsp;de&nbsp;los&nbsp;ejercicios</li></ul><p></p><p><strong style=\"color: rgb(0, 0, 0);\">Tiempo&nbsp;de&nbsp;descanso&nbsp;entre&nbsp;series:</strong></p><ul><li><strong style=\"color: rgb(0, 0, 0);\">Compuestos&nbsp;(press&nbsp;militar):</strong><span style=\"color: rgb(0, 0, 0);\">&nbsp;60-90&nbsp;seg.</span></li><li><strong style=\"color: rgb(0, 0, 0);\">Aislamiento&nbsp;(elevaciones,&nbsp;pájaros,&nbsp;encogimientos):</strong><span style=\"color: rgb(0, 0, 0);\">&nbsp;45-60&nbsp;seg.</span></li><li><strong style=\"color: rgb(0, 0, 0);\">Abs:</strong><span style=\"color: rgb(0, 0, 0);\">&nbsp;30-45&nbsp;seg.</span></li></ul>",
      "day": 4,
      "photo": "default.jpg",
      "user": 5,
      "created": "2025-04-24T18:38:16.000Z",
      "modified": "2025-04-24T20:51:34.447Z",
      "is_active": true,
      "deleted": null
    }
  },
  {
    "model": "workouts.workoutexcercise",
    "pk": 5,
    "fields": {
      "exercise": 2,
      "workout": 2,
      "data": [
        {
          "rept": 12,
          "weight": 5
        },
        {
          "rept": 12,
          "weight": 5
        },
        {
          "rept": 12,
          "weight": 5
        },
        {
          "rept": 12,
          "weight": 5
        }
      ],
      "sets": 4,
      "repts": 12,
      "weight": 0,
      "description": ""
    }
  },
  {
    "model": "workouts.workoutexcercise",
    "pk": 6,
    "fields": {
      "exercise": 3,
      "workout": 2,
      "data": [
        {
          "rept": 12,
          "weight": 5
        },
        {
          "rept": 12,
          "weight": 5
        },
        {
          "rept": 12,
          "weight": 5
        }
      ],
      "sets": 3,
      "repts": 12,
      "weight": 0,
      "description": ""
    }
  },
  {
    "model": "workouts.workoutexcercise",
    "pk": 7,
    "fields": {
      "exercise": 4,
      "workout": 2,
      "data": [
        {
          "rept": 15,
          "weight": 5
        },
        {
          "rept": 15,
          "weight": 5
        },
        {
          "rept": 15,
          "weight": 5
        }
      ],
      "sets": 3,
      "repts": 15,
      "weight": 0,
      "description": ""
    }
  },
  {
    "model": "workouts.workoutexcercise",
    "pk": 8,
    "fields": {
      "exercise": 5,
      "workout": 2,
      "data": [
        {
          "rept": 10,
          "weight": 5
        },
        {
          "rept": 10,
          "weight": 5
        },
        {
          "rept": 10,
          "weight": 5
        }
      ],
      "sets": 3,
      "repts": 10,
      "weight": 0,
      "description": ""
    }
  },
  {
    "model": "workouts.workoutexcercise",
    "pk": 9,
    "fields": {
      "exercise": 6,
      "workout": 2,
      "data": [
        {
          "rept": 15,
          "weight": 5
        },
        {
          "rept": 15,
          "weight": 5
        },
        {
          "rept": 15,
          "weight": 5
        },
        {
          "rept": 15,
          "weight": 5
        }
      ],
      "sets": 4,
      "repts": 15,
      "weight": 0,
      "description": ""
    }
  },
  {
    "model": "workouts.workoutexcercise",
    "pk": 10,
    "fields": {
      "exercise": 7,
      "workout": 2,
      "data": [
        {
          "rept": 15,
          "weight": 5
        },
        {
          "rept": 15,
          "weight": 5
        },
        {
          "rept": 15,
          "weight": 5
        }
      ],
      "sets": 3,
      "repts": 15,
      "weight": 0,
      "description": ""
    }
  },
  {
    "model": "workouts.workoutexcercise",
    "pk": 11,
    "fields": {
      "exercise": 8,
      "workout": 2,
      "data": [
        {
          "rept": 20,
          "weight": 5
        },
        {
          "rept": 20,
          "weight": 5
        },
        {
          "rept": 20,
          "weight": 5
        },
        {
          "rept": 20,
          "weight": 5
        }
      ],
      "sets": 4,
      "repts": 20,
      "weight": 0,
      "description": ""
    }
  },
  {
    "model": "workouts.workoutexcercise",
    "pk": 12,
    "fields": {
      "exercise": 9,
      "workout": 3,
      "data": [
        {
          "rept": 10,
          "weight": 5
        },
        {
          "rept": 10,
          "weight": 5
        },
        {
          "rept": 10,
          "weight": 5
        },
        {
          "rept": 10,
          "weight": 5
        }
      ],
      "sets": 4,
      "repts": 10,
      "weight": 0,
      "description": ""
    }
  },
  {
    "model": "workouts.workoutexcercise",
    "pk": 13,
    "fields": {
      "exercise": 10,
      "workout": 3,
      "data": [
        {
          "rept": 10,
          "weight": 5
        },
        {
          "rept": 10,
          "weight": 5
        },
        {
          "rept": 10,
          "weight": 5
        },
        {
          "rept": 10,
          "weight": 5
        }
      ],
      "sets": 4,
      "repts": 10,
      "weight": 0,
      "description": ""
    }
  },
  {
    "model": "workouts.workoutexcercise",
    "pk": 14,
    "fields": {
      "exercise": 11,
      "workout": 3,
      "data": [
        {
          "rept": 12,
          "weight": 5
        },
        {
          "rept": 12,
          "weight": 5
        },
        {
          "rept": 12,
          "weight": 5
        }
      ],
      "sets": 3,
      "repts": 12,
      "weight": 0,
      "description": ""
    }
  },
  {
    "model": "workouts.workoutexcercise",
    "pk": 15,
    "fields": {
      "exercise": 13,
      "workout": 3,
      "data": [
        {
          "rept": 15,
          "weight": 5
        },
        {
          "rept": 15,
          "weight": 5
        },
        {
          "rept": 15,
          "weight": 5
        }
      ],
      "sets": 3,
      "repts": 15,
      "weight": 0,
      "description": ""
    }
  },
  {
    "model": "workouts.workoutexcercise",
    "pk": 16,
    "fields": {
      "exercise": 14,
      "workout": 3,
      "data": [
        {
          "rept": 15,
          "weight": 5
        },
        {
          "rept": 15,
          "weight": 5
        },
        {
          "rept": 15,
          "weight": 5
        }
      ],
      "sets": 3,
      "repts": 15,
      "weight": 0,
      "description": ""
    }
  },
  {
    "model": "workouts.workoutexcercise",
    "pk": 17,
    "fields": {
      "exercise": 15,
      "workout": 3,
      "data": [
        {
          "rept": 10,
          "weight": 5
        },
        {
          "rept": 10,
          "weight": 5
        },
        {
          "rept": 10,
          "weight": 5
        },
        {
          "rept": 10,
          "weight": 5
        }
      ],
      "sets": 4,
      "repts": 10,
      "weight": 0,
      "description": ""
    }
  },
  {
    "model": "workouts.workoutexcercise",
    "pk": 18,
    "fields": {
      "exercise": 17,
      "workout": 3,
      "data": [
        {
          "rept": 12,
          "weight": 5
        },
        {
          "rept": 12,
          "weight": 5
        },
        {
          "rept": 12,
          "weight": 5
        }
      ],
      "sets": 3,
      "repts": 12,
      "weight": 0,
      "description": ""
    }
  },
  {
    "model": "workouts.workoutexcercise",
    "pk": 19,
    "fields": {
      "exercise": 18,
      "workout": 3,
      "data": [
        {
          "rept": 15,
          "weight": 5
        },
        {
          "rept": 15,
          "weight": 5
        }
      ],
      "sets": 2,
      "repts": 15,
      "weight": 0,
      "description": ""
    }
  },
  {
    "model": "workouts.workoutexcercise",
    "pk": 20,
    "fields": {
      "exercise": 19,
      "workout": 4,
      "data": [
        {
          "rept": 8,
          "weight": 5
        },
        {
          "rept": 8,
          "weight": 5
        },
        {
          "rept": 8,
          "weight": 5
        },
        {
          "rept": 8,
          "weight": 5
        },
        {
          "rept": 8,
          "weight": 5
        }
      ],
      "sets": 5,
      "repts": 8,
      "weight": 0,
      "description": ""
    }
  },
  {
    "model": "workouts.workoutexcercise",
    "pk": 21,
    "fields": {
      "exercise": 20,
      "workout": 4,
      "data": [
        {
          "rept": 12,
          "weight": 5
        },
        {
          "rept": 12,
          "weight": 5
        },
        {
          "rept": 12,
          "weight": 5
        },
        {
          "rept": 12,
          "weight": 5
        }
      ],
      "sets": 4,
      "repts": 12,
      "weight": 0,
      "description": ""
    }
  },
  {
    "model": "workouts.workoutexcercise",
    "pk": 22,
    "fields": {
      "exercise": 21,
      "workout": 4,
      "data": [
        {
          "rept": 10,
          "weight": 5
        },
        {
          "rept": 10,
          "weight": 5
        },
        {
          "rept": 10,
          "weight": 5
        },
        {
          "rept": 10,
          "weight": 5
        }
      ],
      "sets": 4,
      "repts": 10,
      "weight": 0,
      "description": ""
    }
  },
  {
    "model": "workouts.workoutexcercise",
    "pk": 24,
    "fields": {
      "exercise": 25,
      "workout": 4,
      "data": [
        {
          "rept": 15,
          "weight": 5
        },
        {
          "rept": 15,
          "weight": 5
        },
        {
          "rept": 15,
          "weight": 5
        }
      ],
      "sets": 3,
      "repts": 15,
      "weight": 0,
      "description": ""
    }
  },
  {
    "model": "workouts.workoutexcercise",
    "pk": 25,
    "fields": {
      "exercise": 22,
      "workout": 4,
      "data": [
        {
          "rept": 15,
          "weight": 5
        },
        {
          "rept": 15,
          "weight": 5
        },
        {
          "rept": 15,
          "weight": 5
        }
      ],
      "sets": 3,
      "repts": 15,
      "weight": 0,
      "description": ""
    }
  },
  {
    "model": "workouts.workoutexcercise",
    "pk": 26,
    "fields": {
      "exercise": 23,
      "workout": 4,
      "data": [
        {
          "rept": 20,
          "weight": 5
        },
        {
          "rept": 20,
          "weight": 5
        },
        {
          "rept": 20,
          "weight": 5
        },
        {
          "rept": 20,
          "weight": 5
        },
        {
          "rept": 20,
          "weight": 5
        }
      ],
      "sets": 5,
      "repts": 20,
      "weight": 0,
      "description": ""
    }
  },
  {
    "model": "workouts.workoutexcercise",
    "pk": 27,
    "fields": {
      "exercise": 24,
      "workout": 4,
      "data": [
        {
          "rept": 15,
          "weight": 5
        },
        {
          "rept": 15,
          "weight": 5
        },
        {
          "rept": 15,
          "weight": 5
        },
        {
          "rept": 15,
          "weight": 5
        }
      ],
      "sets": 4,
      "repts": 15,
      "weight": 0,
      "description": ""
    }
  },
  {
    "model": "workouts.workoutexcercise",
    "pk": 28,
    "fields": {
      "exercise": 1,
      "workout": 1,
      "data": null,
      "sets": 3,
      "repts": 8,
      "weight": 0,
      "description": ""
    }
  },
  {
    "model": "workouts.workoutexcercise",
    "pk": 29,
    "fields": {
      "exercise": 26,
      "workout": 5,
      "data": [
        {
          "sets": 4,
          "rept": 8,
          "weight": 0
        }
      ],
      "sets": 4,
      "repts": 12,
      "weight": 0,
      "description": ""
    }
  },
  {
    "model": "workouts.workoutexcercise",
    "pk": 30,
    "fields": {
      "exercise": 27,
      "workout": 5,
      "data": [
        {
          "sets": 4,
          "rept": 15,
          "weight": 0
        }
      ],
      "sets": 4,
      "repts": 12,
      "weight": 0,
      "description": ""
    }
  },
  {
    "model": "workouts.workoutexcercise",
    "pk": 31,
    "fields": {
      "exercise": 28,
      "workout": 5,
      "data": [
        {
          "sets": 3,
          "rept": 12,
          "weight": 0
        }
      ],
      "sets": 4,
      "repts": 12,
      "weight": 0,
      "description": ""
    }
  },
  {
    "model": "workouts.workoutexcercise",
    "pk": 32,
    "fields": {
      "exercise": 29,
      "workout": 5,
      "data": [
        {
          "sets": 3,
          "rept": 15,
          "weight": 0
        }
      ],
      "sets": 4,
      "repts": 12,
      "weight": 0,
      "description": ""
    }
  },
  {
    "model": "workouts.workoutexcercise",
    "pk": 33,
    "fields": {
      "exercise": 30,
      "workout": 5,
      "data": [
        {
          "sets": 4,
          "rept": 20,
          "weight": 0
        }
      ],
      "sets": 4,
      "repts": 12,
      "weight": 0,
      "description": ""
    }
  },
  {
    "model": "workouts.workoutexcercise",
    "pk": 34,
    "fields": {
      "exercise": 31,
      "workout": 5,
      "data": [
        {
          "sets": 4,
          "rept": 1,
          "weight": 0
        }
      ],
      "sets": 4,
      "repts": 12,
      "weight": 0,
      "description": "El número 1 indica el tiempo 1 min."
    }
  },
  {
    "model": "workouts.workoutexcercise",
    "pk": 35,
    "fields": {
      "exercise": 32,
      "workout": 5,
      "data": [
        {
          "sets": 4,
          "rept": 20,
          "weight": 0
        }
      ],
      "sets": 4,
      "repts": 12,
      "weight": 0,
      "description": ""
    }
  },
  {
    "model": "measures.measure",
    "pk": 1,
    "fields": {
      "user": 5,
      "comment": "",
      "measures": {
        "abdomen": 0,
        "arm_left": 0,
        "arm_right": 0,
        "back": 0,
        "chest": 0,
        "forearm": 0,
        "glutes": 0,
        "hips": 0,
        "leg_left": 0,
        "leg_right": 0,
        "waist": 0,
        "weight": "110"
      },
      "created": "2025-04-22T19:07:12.683Z",
      "modified": "2025-04-23T19:41:08.855Z",
      "is_active": true,
      "deleted": null
    }
  },
  {
    "model": "measures.measure",
    "pk": 2,
    "fields": {
      "user": 5,
      "comment": "",
      "measures": {
        "abdomen": 0,
        "arm_left": 0,
        "arm_right": 0,
        "back": 0,
        "chest": 0,
        "forearm": 0,
        "glutes": 0,
        "hips": 0,
        "leg_left": 0,
        "leg_right": 0,
        "waist": 0,
        "weight": "120"
      },
      "created": "2025-04-22T19:07:33.956Z",
      "modified": "2025-04-23T19:41:13.543Z",
      "is_active": true,
      "deleted": null
    }
  },
  {
    "model": "images.image",
    "pk": 1,
    "fields": {
      "photo": "images/back.png",
      "content_type": 10,
      "object_id": 16,
      "created": "2025-04-23T02:27:19.701Z",
      "modified": "2025-04-23T02:27:19.701Z"
    }
  },
  {
    "model": "images.image",
    "pk": 2,
    "fields": {
      "photo": "images/biceps.png",
      "content_type": 10,
      "object_id": 17,
      "created": "2025-04-23T02:27:36.110Z",
      "modified": "2025-04-23T02:27:36.110Z"
    }
  },
  {
    "model": "images.image",
    "pk": 3,
    "fields": {
      "photo": "images/abs.png",
      "content_type": 10,
      "object_id": 12,
      "created": "2025-04-23T02:28:26.475Z",
      "modified": "2025-04-23T02:28:26.475Z"
    }
  },
  {
    "model": "images.image",
    "pk": 4,
    "fields": {
      "photo": "images/chest.png",
      "content_type": 10,
      "object_id": 3,
      "created": "2025-04-23T02:28:38.475Z",
      "modified": "2025-04-23T02:28:38.475Z"
    }
  },
  {
    "model": "images.image",
    "pk": 5,
    "fields": {
      "photo": "images/triceps.png",
      "content_type": 10,
      "object_id": 11,
      "created": "2025-04-23T02:29:50.651Z",
      "modified": "2025-04-23T02:29:50.651Z"
    }
  },
  {
    "model": "notifications.notification",
    "pk": 19,
    "fields": {
      "user": 5,
      "user_to": 1,
      "content_type": 12,
      "object_id": 19,
      "is_read": false,
      "link": null,
      "created": "2025-04-16T07:13:30.730Z"
    }
  },
  {
    "model": "notifications.notification",
    "pk": 20,
    "fields": {
      "user": 5,
      "user_to": 1,
      "content_type": 12,
      "object_id": 20,
      "is_read": false,
      "link": null,
      "created": "2025-04-16T07:17:07.631Z"
    }
  }
]