[{"model": "admin.logentry", "pk": 1, "fields": {"action_time": "2025-03-17T20:29:10.810Z", "user": 1, "content_type": 16, "object_id": "1", "object_repr": "admin", "action_flag": 1, "change_message": "[{\"added\": {}}]"}}, {"model": "admin.logentry", "pk": 2, "fields": {"action_time": "2025-03-17T20:50:49.902Z", "user": 1, "content_type": 14, "object_id": "2", "object_repr": "Pecho, hombro y triceps", "action_flag": 1, "change_message": "[{\"added\": {}}, {\"added\": {\"name\": \"workout excercise\", \"object\": \"Pecho, hombro y triceps\"}}, {\"added\": {\"name\": \"workout excercise\", \"object\": \"Pecho, hombro y triceps\"}}, {\"added\": {\"name\": \"workout excercise\", \"object\": \"Pecho, hombro y triceps\"}}, {\"added\": {\"name\": \"workout excercise\", \"object\": \"Pecho, hombro y triceps\"}}, {\"added\": {\"name\": \"workout excercise\", \"object\": \"Pecho, hombro y triceps\"}}, {\"added\": {\"name\": \"workout excercise\", \"object\": \"Pecho, hombro y triceps\"}}, {\"added\": {\"name\": \"workout excercise\", \"object\": \"Pecho, hombro y triceps\"}}, {\"added\": {\"name\": \"workout excercise\", \"object\": \"Pecho, hombro y triceps\"}}, {\"added\": {\"name\": \"workout excercise\", \"object\": \"Pecho, hombro y triceps\"}}, {\"added\": {\"name\": \"workout excercise\", \"object\": \"Pecho, hombro y triceps\"}}]"}}, {"model": "auth.permission", "pk": 1, "fields": {"name": "Can add log entry", "content_type": 1, "codename": "add_logentry"}}, {"model": "auth.permission", "pk": 2, "fields": {"name": "Can change log entry", "content_type": 1, "codename": "change_logentry"}}, {"model": "auth.permission", "pk": 3, "fields": {"name": "Can delete log entry", "content_type": 1, "codename": "delete_logentry"}}, {"model": "auth.permission", "pk": 4, "fields": {"name": "Can view log entry", "content_type": 1, "codename": "view_logentry"}}, {"model": "auth.permission", "pk": 5, "fields": {"name": "Can add permission", "content_type": 2, "codename": "add_permission"}}, {"model": "auth.permission", "pk": 6, "fields": {"name": "Can change permission", "content_type": 2, "codename": "change_permission"}}, {"model": "auth.permission", "pk": 7, "fields": {"name": "Can delete permission", "content_type": 2, "codename": "delete_permission"}}, {"model": "auth.permission", "pk": 8, "fields": {"name": "Can view permission", "content_type": 2, "codename": "view_permission"}}, {"model": "auth.permission", "pk": 9, "fields": {"name": "Can add group", "content_type": 3, "codename": "add_group"}}, {"model": "auth.permission", "pk": 10, "fields": {"name": "Can change group", "content_type": 3, "codename": "change_group"}}, {"model": "auth.permission", "pk": 11, "fields": {"name": "Can delete group", "content_type": 3, "codename": "delete_group"}}, {"model": "auth.permission", "pk": 12, "fields": {"name": "Can view group", "content_type": 3, "codename": "view_group"}}, {"model": "auth.permission", "pk": 13, "fields": {"name": "Can add content type", "content_type": 4, "codename": "add_contenttype"}}, {"model": "auth.permission", "pk": 14, "fields": {"name": "Can change content type", "content_type": 4, "codename": "change_contenttype"}}, {"model": "auth.permission", "pk": 15, "fields": {"name": "Can delete content type", "content_type": 4, "codename": "delete_contenttype"}}, {"model": "auth.permission", "pk": 16, "fields": {"name": "Can view content type", "content_type": 4, "codename": "view_contenttype"}}, {"model": "auth.permission", "pk": 17, "fields": {"name": "Can add session", "content_type": 5, "codename": "add_session"}}, {"model": "auth.permission", "pk": 18, "fields": {"name": "Can change session", "content_type": 5, "codename": "change_session"}}, {"model": "auth.permission", "pk": 19, "fields": {"name": "Can delete session", "content_type": 5, "codename": "delete_session"}}, {"model": "auth.permission", "pk": 20, "fields": {"name": "Can view session", "content_type": 5, "codename": "view_session"}}, {"model": "auth.permission", "pk": 21, "fields": {"name": "Can add blacklisted token", "content_type": 6, "codename": "add_blacklistedtoken"}}, {"model": "auth.permission", "pk": 22, "fields": {"name": "Can change blacklisted token", "content_type": 6, "codename": "change_blacklistedtoken"}}, {"model": "auth.permission", "pk": 23, "fields": {"name": "Can delete blacklisted token", "content_type": 6, "codename": "delete_blacklistedtoken"}}, {"model": "auth.permission", "pk": 24, "fields": {"name": "Can view blacklisted token", "content_type": 6, "codename": "view_blacklistedtoken"}}, {"model": "auth.permission", "pk": 25, "fields": {"name": "Can add outstanding token", "content_type": 7, "codename": "add_outstandingtoken"}}, {"model": "auth.permission", "pk": 26, "fields": {"name": "Can change outstanding token", "content_type": 7, "codename": "change_outstandingtoken"}}, {"model": "auth.permission", "pk": 27, "fields": {"name": "Can delete outstanding token", "content_type": 7, "codename": "delete_outstandingtoken"}}, {"model": "auth.permission", "pk": 28, "fields": {"name": "Can view outstanding token", "content_type": 7, "codename": "view_outstandingtoken"}}, {"model": "auth.permission", "pk": 29, "fields": {"name": "Can add user", "content_type": 8, "codename": "add_user"}}, {"model": "auth.permission", "pk": 30, "fields": {"name": "Can change user", "content_type": 8, "codename": "change_user"}}, {"model": "auth.permission", "pk": 31, "fields": {"name": "Can delete user", "content_type": 8, "codename": "delete_user"}}, {"model": "auth.permission", "pk": 32, "fields": {"name": "Can view user", "content_type": 8, "codename": "view_user"}}, {"model": "auth.permission", "pk": 33, "fields": {"name": "Can add catalog", "content_type": 9, "codename": "add_catalog"}}, {"model": "auth.permission", "pk": 34, "fields": {"name": "Can change catalog", "content_type": 9, "codename": "change_catalog"}}, {"model": "auth.permission", "pk": 35, "fields": {"name": "Can delete catalog", "content_type": 9, "codename": "delete_catalog"}}, {"model": "auth.permission", "pk": 36, "fields": {"name": "Can view catalog", "content_type": 9, "codename": "view_catalog"}}, {"model": "auth.permission", "pk": 37, "fields": {"name": "Can add muscle", "content_type": 10, "codename": "add_muscle"}}, {"model": "auth.permission", "pk": 38, "fields": {"name": "Can change muscle", "content_type": 10, "codename": "change_muscle"}}, {"model": "auth.permission", "pk": 39, "fields": {"name": "Can delete muscle", "content_type": 10, "codename": "delete_muscle"}}, {"model": "auth.permission", "pk": 40, "fields": {"name": "Can view muscle", "content_type": 10, "codename": "view_muscle"}}, {"model": "auth.permission", "pk": 41, "fields": {"name": "Can add exercise", "content_type": 11, "codename": "add_exercise"}}, {"model": "auth.permission", "pk": 42, "fields": {"name": "Can change exercise", "content_type": 11, "codename": "change_exercise"}}, {"model": "auth.permission", "pk": 43, "fields": {"name": "Can delete exercise", "content_type": 11, "codename": "delete_exercise"}}, {"model": "auth.permission", "pk": 44, "fields": {"name": "Can view exercise", "content_type": 11, "codename": "view_exercise"}}, {"model": "auth.permission", "pk": 45, "fields": {"name": "Can add comment", "content_type": 12, "codename": "add_comment"}}, {"model": "auth.permission", "pk": 46, "fields": {"name": "Can change comment", "content_type": 12, "codename": "change_comment"}}, {"model": "auth.permission", "pk": 47, "fields": {"name": "Can delete comment", "content_type": 12, "codename": "delete_comment"}}, {"model": "auth.permission", "pk": 48, "fields": {"name": "Can view comment", "content_type": 12, "codename": "view_comment"}}, {"model": "auth.permission", "pk": 49, "fields": {"name": "Can add routine", "content_type": 13, "codename": "add_routine"}}, {"model": "auth.permission", "pk": 50, "fields": {"name": "Can change routine", "content_type": 13, "codename": "change_routine"}}, {"model": "auth.permission", "pk": 51, "fields": {"name": "Can delete routine", "content_type": 13, "codename": "delete_routine"}}, {"model": "auth.permission", "pk": 52, "fields": {"name": "Can view routine", "content_type": 13, "codename": "view_routine"}}, {"model": "auth.permission", "pk": 53, "fields": {"name": "Can add workout", "content_type": 14, "codename": "add_workout"}}, {"model": "auth.permission", "pk": 54, "fields": {"name": "Can change workout", "content_type": 14, "codename": "change_workout"}}, {"model": "auth.permission", "pk": 55, "fields": {"name": "Can delete workout", "content_type": 14, "codename": "delete_workout"}}, {"model": "auth.permission", "pk": 56, "fields": {"name": "Can view workout", "content_type": 14, "codename": "view_workout"}}, {"model": "auth.permission", "pk": 57, "fields": {"name": "Can add workout excercise", "content_type": 15, "codename": "add_workoutexcercise"}}, {"model": "auth.permission", "pk": 58, "fields": {"name": "Can change workout excercise", "content_type": 15, "codename": "change_workoutexcercise"}}, {"model": "auth.permission", "pk": 59, "fields": {"name": "Can delete workout excercise", "content_type": 15, "codename": "delete_workoutexcercise"}}, {"model": "auth.permission", "pk": 60, "fields": {"name": "Can view workout excercise", "content_type": 15, "codename": "view_workoutexcercise"}}, {"model": "auth.permission", "pk": 61, "fields": {"name": "Can add measure", "content_type": 16, "codename": "add_measure"}}, {"model": "auth.permission", "pk": 62, "fields": {"name": "Can change measure", "content_type": 16, "codename": "change_measure"}}, {"model": "auth.permission", "pk": 63, "fields": {"name": "Can delete measure", "content_type": 16, "codename": "delete_measure"}}, {"model": "auth.permission", "pk": 64, "fields": {"name": "Can view measure", "content_type": 16, "codename": "view_measure"}}, {"model": "auth.permission", "pk": 65, "fields": {"name": "Can add post", "content_type": 17, "codename": "add_post"}}, {"model": "auth.permission", "pk": 66, "fields": {"name": "Can change post", "content_type": 17, "codename": "change_post"}}, {"model": "auth.permission", "pk": 67, "fields": {"name": "Can delete post", "content_type": 17, "codename": "delete_post"}}, {"model": "auth.permission", "pk": 68, "fields": {"name": "Can view post", "content_type": 17, "codename": "view_post"}}, {"model": "auth.permission", "pk": 69, "fields": {"name": "Can add image", "content_type": 18, "codename": "add_image"}}, {"model": "auth.permission", "pk": 70, "fields": {"name": "Can change image", "content_type": 18, "codename": "change_image"}}, {"model": "auth.permission", "pk": 71, "fields": {"name": "Can delete image", "content_type": 18, "codename": "delete_image"}}, {"model": "auth.permission", "pk": 72, "fields": {"name": "Can view image", "content_type": 18, "codename": "view_image"}}, {"model": "contenttypes.contenttype", "pk": 1, "fields": {"app_label": "admin", "model": "logentry"}}, {"model": "contenttypes.contenttype", "pk": 2, "fields": {"app_label": "auth", "model": "permission"}}, {"model": "contenttypes.contenttype", "pk": 3, "fields": {"app_label": "auth", "model": "group"}}, {"model": "contenttypes.contenttype", "pk": 4, "fields": {"app_label": "contenttypes", "model": "contenttype"}}, {"model": "contenttypes.contenttype", "pk": 5, "fields": {"app_label": "sessions", "model": "session"}}, {"model": "contenttypes.contenttype", "pk": 6, "fields": {"app_label": "token_blacklist", "model": "blacklistedtoken"}}, {"model": "contenttypes.contenttype", "pk": 7, "fields": {"app_label": "token_blacklist", "model": "outstandingtoken"}}, {"model": "contenttypes.contenttype", "pk": 8, "fields": {"app_label": "accounts", "model": "user"}}, {"model": "contenttypes.contenttype", "pk": 9, "fields": {"app_label": "catalogs", "model": "catalog"}}, {"model": "contenttypes.contenttype", "pk": 10, "fields": {"app_label": "catalogs", "model": "muscle"}}, {"model": "contenttypes.contenttype", "pk": 11, "fields": {"app_label": "exercises", "model": "exercise"}}, {"model": "contenttypes.contenttype", "pk": 12, "fields": {"app_label": "comments", "model": "comment"}}, {"model": "contenttypes.contenttype", "pk": 13, "fields": {"app_label": "routines", "model": "routine"}}, {"model": "contenttypes.contenttype", "pk": 14, "fields": {"app_label": "workouts", "model": "workout"}}, {"model": "contenttypes.contenttype", "pk": 15, "fields": {"app_label": "workouts", "model": "workoutexcercise"}}, {"model": "contenttypes.contenttype", "pk": 16, "fields": {"app_label": "measures", "model": "measure"}}, {"model": "contenttypes.contenttype", "pk": 17, "fields": {"app_label": "posts", "model": "post"}}, {"model": "contenttypes.contenttype", "pk": 18, "fields": {"app_label": "images", "model": "image"}}, {"model": "sessions.session", "pk": "r4ppm7m81du2uto776neidbhbw8v1upb", "fields": {"session_data": ".eJxVjMEOwiAQRP-FsyFCywIevfsNZBcWqRqalPZk_Hdp0oMe5jDzZuYtAm5rCVvjJUxJXIQSp9-MMD657iA9sN5nGee6LhPJvSIP2uRtTvy6Ht2_g4Kt9PWozdl6Q-wILGUEjNpr7ALTXXZDjhZGIMXZWqsVq8xODy5F9mC8-HwB3L03xw:1tuGtj:_6nUKW5hBgFCt5wUBtopJoJDOv482_KX9wQ1Thx5xV8", "expire_date": "2025-03-31T20:17:19.350Z"}}, {"model": "accounts.user", "pk": 1, "fields": {"password": "pbkdf2_sha256$870000$EYTSdrUjTnGQsUIXjYbkjm$H9wYDOR+IDDXQ9AoSw5MTFXQdo5WnD0eZRE23EgJUxE=", "last_login": "2025-03-17T20:17:19.346Z", "is_superuser": true, "username": "admin", "first_name": "", "last_name": "", "email": "admin@local.com", "is_staff": true, "is_active": true, "date_joined": "2025-03-17T20:17:07.616Z", "photo": "default.jpg", "phone": 0, "age": 0, "firebase_id": null, "groups": [], "user_permissions": []}}, {"model": "catalogs.catalog", "pk": 1, "fields": {"name": "Pecho", "key": "muscle", "created": "2025-03-14T23:47:46.286Z", "modified": "2025-03-14T23:47:46.286Z"}}, {"model": "catalogs.catalog", "pk": 2, "fields": {"name": "Hombro", "key": "muscle", "created": "2025-03-14T23:47:46.291Z", "modified": "2025-03-14T23:47:46.291Z"}}, {"model": "catalogs.catalog", "pk": 3, "fields": {"name": "Triceps", "key": "muscle", "created": "2025-03-14T23:47:46.293Z", "modified": "2025-03-14T23:47:46.293Z"}}, {"model": "catalogs.catalog", "pk": 4, "fields": {"name": "Espalda", "key": "muscle", "created": "2025-03-14T23:47:46.296Z", "modified": "2025-03-14T23:47:46.296Z"}}, {"model": "catalogs.catalog", "pk": 5, "fields": {"name": "Biceps", "key": "muscle", "created": "2025-03-14T23:47:46.300Z", "modified": "2025-03-14T23:47:46.300Z"}}, {"model": "catalogs.catalog", "pk": 6, "fields": {"name": "Antebrazo", "key": "muscle", "created": "2025-03-14T23:47:46.303Z", "modified": "2025-03-14T23:47:46.303Z"}}, {"model": "catalogs.catalog", "pk": 7, "fields": {"name": "Pierna", "key": "muscle", "created": "2025-03-14T23:47:46.307Z", "modified": "2025-03-14T23:47:46.307Z"}}, {"model": "catalogs.catalog", "pk": 8, "fields": {"name": "Trapecio", "key": "muscle", "created": "2025-03-14T23:47:46.309Z", "modified": "2025-03-14T23:47:46.309Z"}}, {"model": "catalogs.catalog", "pk": 9, "fields": {"name": "Cardio", "key": "muscle", "created": "2025-03-14T23:47:46.311Z", "modified": "2025-03-14T23:47:46.312Z"}}, {"model": "catalogs.catalog", "pk": 10, "fields": {"name": "Abdominales", "key": "muscle", "created": "2025-03-14T23:47:46.314Z", "modified": "2025-03-14T23:47:46.314Z"}}, {"model": "catalogs.catalog", "pk": 11, "fields": {"name": "Gluteos", "key": "muscle", "created": "2025-03-14T23:47:46.316Z", "modified": "2025-03-14T23:47:46.316Z"}}, {"model": "catalogs.catalog", "pk": 12, "fields": {"name": "Libre", "key": "equipment", "created": "2025-03-14T23:49:14.732Z", "modified": "2025-03-14T23:49:14.732Z"}}, {"model": "catalogs.catalog", "pk": 13, "fields": {"name": "Mancuernas", "key": "equipment", "created": "2025-03-14T23:49:14.737Z", "modified": "2025-03-14T23:49:14.737Z"}}, {"model": "catalogs.catalog", "pk": 14, "fields": {"name": "Barra con pesas", "key": "equipment", "created": "2025-03-14T23:49:14.741Z", "modified": "2025-03-14T23:49:14.741Z"}}, {"model": "catalogs.catalog", "pk": 15, "fields": {"name": "Pesa rusa", "key": "equipment", "created": "2025-03-14T23:49:14.743Z", "modified": "2025-03-14T23:49:14.743Z"}}, {"model": "catalogs.catalog", "pk": 16, "fields": {"name": "Maquina", "key": "equipment", "created": "2025-03-14T23:49:14.747Z", "modified": "2025-03-14T23:49:14.747Z"}}, {"model": "catalogs.catalog", "pk": 17, "fields": {"name": "Plato/Disco", "key": "equipment", "created": "2025-03-14T23:49:14.750Z", "modified": "2025-03-14T23:49:14.750Z"}}, {"model": "exercises.exercise", "pk": 1, "fields": {"name": "Press banca inclinado", "description": null, "image": "default.jpg", "equipment": 12, "muscle": 1, "sets": 0, "repts": 0, "weight": 0, "created": "2025-03-14T23:53:54.024Z", "modified": "2025-03-14T23:53:54.024Z"}}, {"model": "exercises.exercise", "pk": 2, "fields": {"name": "Press banca plano", "description": null, "image": "default.jpg", "equipment": 12, "muscle": 1, "sets": 0, "repts": 0, "weight": 0, "created": "2025-03-14T23:53:54.030Z", "modified": "2025-03-14T23:53:54.030Z"}}, {"model": "exercises.exercise", "pk": 3, "fields": {"name": "Aperturas planas", "description": null, "image": "default.jpg", "equipment": 12, "muscle": 1, "sets": 0, "repts": 0, "weight": 0, "created": "2025-03-14T23:53:54.032Z", "modified": "2025-03-14T23:53:54.032Z"}}, {"model": "exercises.exercise", "pk": 4, "fields": {"name": "Aperturas inclinadas", "description": null, "image": "default.jpg", "equipment": 12, "muscle": 1, "sets": 0, "repts": 0, "weight": 0, "created": "2025-03-14T23:53:54.034Z", "modified": "2025-03-14T23:53:54.034Z"}}, {"model": "exercises.exercise", "pk": 5, "fields": {"name": "Pullover", "description": null, "image": "default.jpg", "equipment": 12, "muscle": 1, "sets": 0, "repts": 0, "weight": 0, "created": "2025-03-14T23:53:54.036Z", "modified": "2025-03-14T23:53:54.036Z"}}, {"model": "exercises.exercise", "pk": 6, "fields": {"name": "Press Arnold", "description": "", "image": "default.jpg", "equipment": 12, "muscle": 2, "sets": 0, "repts": 0, "weight": 0, "created": "2025-03-14T23:53:54.039Z", "modified": "2025-03-14T23:56:17.458Z"}}, {"model": "exercises.exercise", "pk": 7, "fields": {"name": "Elevaciones frontales", "description": "", "image": "default.jpg", "equipment": 12, "muscle": 2, "sets": 0, "repts": 0, "weight": 0, "created": "2025-03-14T23:53:54.041Z", "modified": "2025-03-14T23:56:24.677Z"}}, {"model": "exercises.exercise", "pk": 8, "fields": {"name": "Pájaros", "description": "", "image": "default.jpg", "equipment": 12, "muscle": 2, "sets": 0, "repts": 0, "weight": 0, "created": "2025-03-14T23:53:54.043Z", "modified": "2025-03-14T23:56:23.003Z"}}, {"model": "exercises.exercise", "pk": 9, "fields": {"name": "Patadas", "description": "", "image": "default.jpg", "equipment": 12, "muscle": 3, "sets": 0, "repts": 0, "weight": 0, "created": "2025-03-14T23:53:54.045Z", "modified": "2025-03-14T23:57:08.488Z"}}, {"model": "exercises.exercise", "pk": 10, "fields": {"name": "Extensiones en polea alta", "description": "", "image": "default.jpg", "equipment": 12, "muscle": 3, "sets": 0, "repts": 0, "weight": 0, "created": "2025-03-14T23:53:54.047Z", "modified": "2025-03-14T23:57:11.532Z"}}, {"model": "exercises.exercise", "pk": 11, "fields": {"name": "Dominadas al fallo", "description": "", "image": "default.jpg", "equipment": 12, "muscle": 4, "sets": 0, "repts": 0, "weight": 0, "created": "2025-03-14T23:53:54.050Z", "modified": "2025-03-14T23:57:39.724Z"}}, {"model": "exercises.exercise", "pk": 12, "fields": {"name": "Jalón tras nuca", "description": "", "image": "default.jpg", "equipment": 12, "muscle": 4, "sets": 0, "repts": 0, "weight": 0, "created": "2025-03-14T23:53:54.052Z", "modified": "2025-03-14T23:57:42.889Z"}}, {"model": "exercises.exercise", "pk": 13, "fields": {"name": "Jalón al pecho", "description": "", "image": "default.jpg", "equipment": 12, "muscle": 4, "sets": 0, "repts": 0, "weight": 0, "created": "2025-03-14T23:53:54.054Z", "modified": "2025-03-14T23:57:46.544Z"}}, {"model": "exercises.exercise", "pk": 14, "fields": {"name": "Remo con barra", "description": "", "image": "default.jpg", "equipment": 12, "muscle": 4, "sets": 0, "repts": 0, "weight": 0, "created": "2025-03-14T23:53:54.056Z", "modified": "2025-03-14T23:57:50.503Z"}}, {"model": "exercises.exercise", "pk": 15, "fields": {"name": "Curl inclinado", "description": "", "image": "default.jpg", "equipment": 12, "muscle": 5, "sets": 0, "repts": 0, "weight": 0, "created": "2025-03-14T23:53:54.058Z", "modified": "2025-03-14T23:58:37.732Z"}}, {"model": "exercises.exercise", "pk": 16, "fields": {"name": "Curl martillo", "description": "", "image": "default.jpg", "equipment": 12, "muscle": 5, "sets": 0, "repts": 0, "weight": 0, "created": "2025-03-14T23:53:54.060Z", "modified": "2025-03-14T23:58:41.678Z"}}, {"model": "exercises.exercise", "pk": 17, "fields": {"name": "Curl concentrado", "description": "", "image": "default.jpg", "equipment": 12, "muscle": 5, "sets": 0, "repts": 0, "weight": 0, "created": "2025-03-14T23:53:54.063Z", "modified": "2025-03-14T23:58:46.096Z"}}, {"model": "exercises.exercise", "pk": 18, "fields": {"name": "Curl supinación", "description": "", "image": "default.jpg", "equipment": 12, "muscle": 6, "sets": 0, "repts": 0, "weight": 0, "created": "2025-03-14T23:53:54.066Z", "modified": "2025-03-14T23:59:08.529Z"}}, {"model": "exercises.exercise", "pk": 19, "fields": {"name": "Curl pronación", "description": "", "image": "default.jpg", "equipment": 12, "muscle": 6, "sets": 0, "repts": 0, "weight": 0, "created": "2025-03-14T23:53:54.068Z", "modified": "2025-03-14T23:59:13.023Z"}}, {"model": "exercises.exercise", "pk": 20, "fields": {"name": "Press francés", "description": "", "image": "default.jpg", "equipment": 12, "muscle": 3, "sets": 0, "repts": 0, "weight": 0, "created": "2025-03-14T23:53:54.070Z", "modified": "2025-03-14T23:57:14.449Z"}}, {"model": "exercises.exercise", "pk": 21, "fields": {"name": "Sentadillas", "description": "", "image": "default.jpg", "equipment": 12, "muscle": 7, "sets": 0, "repts": 0, "weight": 0, "created": "2025-03-14T23:53:54.072Z", "modified": "2025-03-14T23:59:37.670Z"}}, {"model": "exercises.exercise", "pk": 22, "fields": {"name": "Peso muerto", "description": "", "image": "default.jpg", "equipment": 12, "muscle": 7, "sets": 0, "repts": 0, "weight": 0, "created": "2025-03-14T23:53:54.075Z", "modified": "2025-03-14T23:59:40.868Z"}}, {"model": "exercises.exercise", "pk": 23, "fields": {"name": "Elevación de talones de pie", "description": "", "image": "default.jpg", "equipment": 12, "muscle": 7, "sets": 0, "repts": 0, "weight": 0, "created": "2025-03-14T23:53:54.077Z", "modified": "2025-03-14T23:59:45.044Z"}}, {"model": "exercises.exercise", "pk": 24, "fields": {"name": "Encogimiento con mancuernas", "description": "", "image": "default.jpg", "equipment": 12, "muscle": 8, "sets": 0, "repts": 0, "weight": 0, "created": "2025-03-14T23:53:54.079Z", "modified": "2025-03-15T00:00:33.376Z"}}, {"model": "exercises.exercise", "pk": 25, "fields": {"name": "Encogimiento traseros", "description": "", "image": "default.jpg", "equipment": 12, "muscle": 8, "sets": 0, "repts": 0, "weight": 0, "created": "2025-03-14T23:53:54.081Z", "modified": "2025-03-15T00:00:37.151Z"}}, {"model": "exercises.exercise", "pk": 26, "fields": {"name": "Encogimiento inclinado", "description": "", "image": "default.jpg", "equipment": 12, "muscle": 8, "sets": 0, "repts": 0, "weight": 0, "created": "2025-03-14T23:53:54.083Z", "modified": "2025-03-15T00:00:41.536Z"}}, {"model": "exercises.exercise", "pk": 27, "fields": {"name": "Press banca declinado", "description": null, "image": "default.jpg", "equipment": 12, "muscle": 1, "sets": 0, "repts": 0, "weight": 0, "created": "2025-03-14T23:53:54.085Z", "modified": "2025-03-14T23:53:54.085Z"}}, {"model": "exercises.exercise", "pk": 28, "fields": {"name": "Elevaciones laterales", "description": "", "image": "default.jpg", "equipment": 12, "muscle": 2, "sets": 0, "repts": 0, "weight": 0, "created": "2025-03-15T00:19:45.273Z", "modified": "2025-03-15T00:19:45.273Z"}}, {"model": "exercises.exercise", "pk": 29, "fields": {"name": "Fondos entre bancos 3 fallo", "description": "", "image": "default.jpg", "equipment": 12, "muscle": 3, "sets": 0, "repts": 0, "weight": 0, "created": "2025-03-15T00:20:14.069Z", "modified": "2025-03-15T00:20:14.069Z"}}, {"model": "exercises.exercise", "pk": 30, "fields": {"name": "Curl predicador", "description": "", "image": "default.jpg", "equipment": 12, "muscle": 5, "sets": 0, "repts": 0, "weight": 0, "created": "2025-03-15T00:22:17.771Z", "modified": "2025-03-15T00:22:17.771Z"}}, {"model": "exercises.exercise", "pk": 31, "fields": {"name": "Curl con barra", "description": "", "image": "default.jpg", "equipment": 12, "muscle": 5, "sets": 0, "repts": 0, "weight": 0, "created": "2025-03-15T00:23:08.336Z", "modified": "2025-03-15T00:23:08.336Z"}}, {"model": "workouts.workout", "pk": 2, "fields": {"name": "Pecho, hombro y triceps", "description": "lorem ipsum lorem ipsum", "day": 1, "photo": "default.jpg", "user": 1, "created": "2025-03-17T20:50:49.884Z", "modified": "2025-03-17T20:50:49.884Z"}}, {"model": "workouts.workoutexcercise", "pk": 11, "fields": {"exercise": 1, "workout": 2, "sets": 4, "repts": 12, "weight": 0}}, {"model": "workouts.workoutexcercise", "pk": 12, "fields": {"exercise": 4, "workout": 2, "sets": 4, "repts": 12, "weight": 0}}, {"model": "workouts.workoutexcercise", "pk": 13, "fields": {"exercise": 2, "workout": 2, "sets": 4, "repts": 12, "weight": 0}}, {"model": "workouts.workoutexcercise", "pk": 14, "fields": {"exercise": 5, "workout": 2, "sets": 4, "repts": 12, "weight": 0}}, {"model": "workouts.workoutexcercise", "pk": 15, "fields": {"exercise": 6, "workout": 2, "sets": 4, "repts": 12, "weight": 0}}, {"model": "workouts.workoutexcercise", "pk": 16, "fields": {"exercise": 8, "workout": 2, "sets": 4, "repts": 12, "weight": 0}}, {"model": "workouts.workoutexcercise", "pk": 17, "fields": {"exercise": 7, "workout": 2, "sets": 4, "repts": 12, "weight": 0}}, {"model": "workouts.workoutexcercise", "pk": 18, "fields": {"exercise": 9, "workout": 2, "sets": 4, "repts": 12, "weight": 0}}, {"model": "workouts.workoutexcercise", "pk": 19, "fields": {"exercise": 10, "workout": 2, "sets": 4, "repts": 12, "weight": 0}}, {"model": "workouts.workoutexcercise", "pk": 20, "fields": {"exercise": 20, "workout": 2, "sets": 4, "repts": 12, "weight": 0}}, {"model": "measures.measure", "pk": 1, "fields": {"user": 1, "comment": "lorem ipsum", "measures": {"back": 0, "hips": 0, "chest": 0, "waist": 0, "glutes": 0, "weight": 0, "abdomen": 0, "forearm": 0, "arm_left": 0, "leg_left": 0, "arm_right": 0, "leg_right": 0}, "created": "2025-03-17T20:29:10.807Z", "modified": "2025-03-17T20:29:10.807Z"}}]